{
	"name": "luminous",
	"title": "Luminous",
	"author": "Sky#9453",
	"description": "A lighter take on the Foundry UI.",
	"version": "0.0.4",
	"minimumCoreVersion": "0.6.5",
	"compatibleCoreVersion": "0.7.3",
	"styles": ["/css/luminous.css", "/css/luminous_dnd5e.css"],
	"url": "https://github.com/Sky-Captain-13/foundry/tree/master/luminous",
	"manifest": "https://raw.githubusercontent.com/Sky-Captain-13/foundry/master/luminous/luminous/module.json",
	"download": "https://github.com/Sky-Captain-13/foundry/raw/master/luminous/luminous.zip"
}