{
	"name": "alt5e",
	"author": "Sky#9453",
	"title": "Sky's Alternate 5th Edition Dungeons & Dragons Sheet",
	"description": "Replaces the default 5e sheet with an alternate layout.",
	"version": "0.0.5",
	"minimumCoreVersion": "0.5.0",
	"systems": ["dnd5e"],
	"scripts": [],
	"esmodules": ["alt5e.js"],
	"styles": ["/css/alt5e.css"],
	"packs": [],
	"url": "https://github.com/Sky-Captain-13/foundry/tree/master/alt5e",
	"manifest": "https://raw.githubusercontent.com/Sky-Captain-13/foundry/master/alt5e/alt5e/module.json",
	"download": "https://github.com/Sky-Captain-13/foundry/raw/master/alt5e/alt5e.zip"
}