{
	"name": "alt5e",
	"title": "Sky's Alternate 5th Edition Dungeons & Dragons Sheet",
	"description": "Replaces the default D&D 5e character sheet with an alternate layout of the main tab (including an area to list frequently used items, spells, etc), additional information in the biography tab, and a new tab for taking notes.",
	"version": "1.3.4",
	"author": "Sky#9453",
	"minimumCoreVersion": "0.6.5",
	"compatibleCoreVersion": "0.6.5",
	"systems": ["dnd5e"],
	"minimumSystemVersion": "0.94",
	"esmodules": ["alt5e.js"],
	"styles": ["/css/alt5e.css", "/css/alt5e-extra.css"],
	"url": "https://github.com/Sky-Captain-13/foundry/tree/master/alt5e",
	"manifest": "https://raw.githubusercontent.com/Sky-Captain-13/foundry/master/alt5e/alt5e/module.json",
	"download": "https://github.com/Sky-Captain-13/foundry/raw/master/alt5e/alt5e.zip"
}