{
	"name": "powercards",
	"title": "PowerCards",
	"author": "Sky#9453",
	"description": "A work in progress... use at your own peril.",
	"version": "0.0.7",
	"minimumCoreVersion": "0.5.5",
	"compatibleCoreVersion": "0.5.7",
	"scripts": ["powercards.js"],
	"styles": ["powercards.css"],
	"packs": [],
	"socket": true,
	"url": "https://github.com/Sky-Captain-13/foundry/tree/master/powercards",
	"manifest": "https://raw.githubusercontent.com/Sky-Captain-13/foundry/master/powercards/powercards/module.json",
	"download": "https://github.com/Sky-Captain-13/foundry/raw/master/powercards/powercards.zip"
}