{
  "name": "poi-sheet",
  "title": "Point of Interest Sheet",
  "description": "A very simple alternate sheet that allows actors to be used as Points of Interest if map notes don't work for you.",
  "author": "Sky#9453",
  "authors": [],
  "url": "https://github.com/Sky-Captain-13/foundry/tree/master/poi-sheet",
  "flags": {},
  "version": "0.1.2",
  "minimumCoreVersion": "9",
  "compatibleCoreVersion": "9.242",
  "scripts": [
    "./poi-sheet.js"
  ],
  "esmodules": [],
  "styles": [
    "/poi-sheet.css"
  ],
  "languages": [],
  "packs": [],
  "system": [],
  "dependencies": [],
  "socket": false,
  "manifest": "https://raw.githubusercontent.com/Sky-Captain-13/foundry/master/poi-sheet/poi-sheet/module.json",
  "download": "https://github.com/Sky-Captain-13/foundry/raw/master/poi-sheet/poi-sheet.zip",
  "protected": false,
  "coreTranslation": false,
  "minimumSystemVersion": "1.5.6",
  "library": false
}