{
	"name": "poi-sheet",
	"title": "Point of Interest Sheet",
	"description": "A very simple alternate sheet that allows actors to be used as Points of Interest if map notes don't work for you.",
	"version": "0.0.6",
	"author": "Sky#9453",
	"minimumCoreVersion": "0.6.0",
	"compatibleCoreVersion": "0.6.5",
	"systems": ["dnd5e"],
	"scripts": ["./poi-sheet.js"],
	"url": "https://github.com/Sky-Captain-13/foundry/tree/master/poi-sheet",
	"manifest": "https://raw.githubusercontent.com/Sky-Captain-13/foundry/master/poi-sheet/poi-sheet/module.json",
	"download": "https://github.com/Sky-Captain-13/foundry/raw/master/poi-sheet/poi-sheet.zip"
}