{
	"name": "poi-sheet",
	"title": "Point of Interest Character Sheet",
	"description": "",
	"version": "0.0.1",
	"minimumCoreVersion": "0.4.0",
	"author": "Sky#9453",
	"systems": ["dnd5e"],
	"scripts": ["./poi-sheet.js"],
	"styles": [],
	"packs": [],
	"url": "https://github.com/Sky-Captain-13/foundry/tree/master/poi-sheet",
	"manifest": "https://raw.githubusercontent.com/Sky-Captain-13/foundry/master/poi-sheet/poi-sheet/module.json",
	"download": "https://github.com/Sky-Captain-13/foundry/raw/master/poi-sheet/poi-sheet.zip"
}