{
	"name": "expander",
	"title": "Expander",
	"author": "Sky#9453",
	"description": "Expands the sidebar when you click on the chat icon.",
	"version": "0.0.3",
	"minimumCoreVersion": "0.6.0",
	"compatibleCoreVersion": "0.6.2",
	"scripts": ["expander.js"],
	"url": "https://github.com/Sky-Captain-13/foundry/tree/master/expander",
	"manifest": "https://raw.githubusercontent.com/Sky-Captain-13/foundry/master/expander/expander/module.json",
	"download": "https://github.com/Sky-Captain-13/foundry/raw/master/expander/expander.zip"
}