{
	"name": "sky5e",
	"title": "Sky's 5th Edition Dungeons & Dragons Sheet",
	"description": "Replaces the default 5e sheet with an alternate layout and adds a few features missing such as weapon, armor and tool proficiencies.",
	"version": "0.0.2",
	"author": "Sky#9453",
	"systems": ["dnd5e"],
	"scripts": ["./sky5e.js"],
	"styles": ["/css/sky5e-sheet.css"],
	"packs": [],
  "url": "https://github.com/Sky-Captain-13/foundry/tree/master/sky5e",
  "manifest": "https://raw.githubusercontent.com/Sky-Captain-13/foundry/master/sky5e/sky5e/module.json",
  "download": "https://github.com/Sky-Captain-13/foundry/tree/master/sky5e/sky5e.zip?inline=false"
}