{
  "name": "icon-setter",
  "title": "Icon Setter",
	"author": "Sky#9453",
  "description": "Allows a player to set a status icon on targeted tokens.",
  "version": "0.0.1",
  "minimumCoreVersion": "0.7.5",
	"compatibleCoreVersion": "0.7.5",
  "scripts": ["./icon-setter.js"],
	"socket": true,
  "url": "https://github.com/Sky-Captain-13/foundry/tree/master/icon-setter",
	"manifest": "https://raw.githubusercontent.com/Sky-Captain-13/foundry/master/icon-setter/icon-setter/module.json",
	"download": "https://github.com/Sky-Captain-13/foundry/raw/master/icon-setter/icon-setter.zip"
}