{
	"name": "deselection",
	"title": "Deselection",
	"description": "Lets the players and GM deselect tokens by clicking anywhere on the map.",
	"version": "1.4.2",
	"author": "Sky",
	"minimumCoreVersion": "0.5.6",
	"compatibleCoreVersion": "0.5.7",
	"scripts": ["./deselection.js"],
	"url": "https://github.com/Sky-Captain-13/foundry/tree/master/deselection",
	"manifest": "https://raw.githubusercontent.com/Sky-Captain-13/foundry/master/deselection/deselection/module.json",
	"download": "https://github.com/Sky-Captain-13/foundry/raw/master/deselection/deselection.zip"
}