{
	"name": "old_alt5e",
	"title": "Old Alt5e for D&D ver 089",
	"description": "Replaces the default D&D 5e character sheet with an alternate layout of the main tab (including an area to list frequently used items, spells, etc), additional information in the biography tab, and a new tab for taking notes.",
	"version": "1.1.5",
	"author": "Sky#9453",
	"minimumCoreVersion": "0.5.0",
	"compatibleCoreVersion": "0.5.5",
	"systems": ["dnd5e"],
	"esmodules": ["old_alt5e.js"],
	"styles": ["/css/old_alt5e.css"],
	"url": "https://github.com/Sky-Captain-13/foundry/tree/master/old_alt5e",
	"manifest": "https://raw.githubusercontent.com/Sky-Captain-13/foundry/master/old_alt5e/old_alt5e/module.json",
	"download": "https://github.com/Sky-Captain-13/foundry/raw/master/old_alt5e/old_alt5e.zip"
}