{
	"name": "token-tooltip",
	"title": "Token Tooltip",
	"description": "Creates a tooltip with the AC, HP, Passive Perception/Investigation, and Speed when mousing over a token.",
	"version": "1.3.2",
	"author": "Sky#9453 (discord)",
	"minimumCoreVersion": "0.4.4",
	"compatibleCoreVersion": "0.5.7",
	"systems": ["dnd5e"],
	"scripts": ["./init.js", "./token-tooltip.js"],
	"styles": ["./styles.css"],
	"url": "https://github.com/Sky-Captain-13/foundry/tree/master/token-tooltip",
	"manifest": "https://raw.githubusercontent.com/Sky-Captain-13/foundry/master/token-tooltip/token-tooltip/module.json",
	"download": "https://github.com/Sky-Captain-13/foundry/raw/master/token-tooltip/token-tooltip.zip"
}