{
	"name": "toggler",
	"title": "Toggler",
	"author": "Sky#9453",
	"description": "Toggles Stuff - Like darkvision from Goggles of Night",
	"version": "0.0.1",
	"minimumCoreVersion": "0.7.7",
	"compatibleCoreVersion": "0.7.7",
	"systems": ["dnd5e"],
	"minimumSystemVersion": "1.1.1",
	"scripts": ["toggler.js"],
	"url": "https://github.com/Sky-Captain-13/foundry/tree/master/toggler",
	"manifest": "https://raw.githubusercontent.com/Sky-Captain-13/foundry/master/toggler/toggler/module.json",
	"download": "https://github.com/Sky-Captain-13/foundry/raw/master/toggler/toggler.zip"
}